[JUMBO  BAG BAROQUE BLACK WHITE], 89820
[JUMBO SHOPPER VINTAGE RED PAISLEY], 107460
[WHITE HANGING HEART T-LIGHT HOLDER], 224040
[JAM MAKING SET PRINTED], 107280
[REGENCY CAKESTAND 3 TIER], 212220
[LUNCH BAG WOODLAND], 87300
[JUMBO BAG RED RETROSPOT], 180900
[PACK OF 60 PINK PAISLEY CAKE CASES], 86940
[VICTORIAN GLASS HANGING T-LIGHT], 106920
[ALARM CLOCK BAKELIKE RED], 86220
[RECIPE BOX PANTRY YELLOW DESIGN], 106380
[PARTY BUNTING], 171900
[GREEN REGENCY TEACUP AND SAUCER], 106200
[LUNCH BAG RED RETROSPOT], 142020
[STRAWBERRY CERAMIC TRINKET BOX], 86040
[PACK OF 72 RETROSPOT CAKE CASES], 131760
[WOODEN PICTURE FRAME WHITE FINISH], 105480
[SET/20 RED RETROSPOT PAPER NAPKINS], 103140
[ASSORTED COLOUR BIRD ORNAMENT], 124920
[SET OF 6 SPICE TINS PANTRY DESIGN], 102960
[SET OF 3 CAKE TINS PANTRY DESIGN], 122400
[NATURAL SLATE HEART CHALKBOARD], 121860
[LUNCH BAG  BLACK SKULL.], 101520
[LUNCH BAG CARS BLUE], 94500
[JAM MAKING SET WITH JARS], 120780
[PLEASE ONE PERSON METAL SIGN], 91440
[HEART OF WICKER SMALL], 114120
[POPCORN HOLDER], 112860
[LUNCH BAG SPACEBOY DESIGN], 91440
[LUNCH BAG PINK POLKADOT], 91440
[LUNCH BAG SUKI DESIGN], 111780
[SET OF 4 PANTRY JELLY MOULDS], 91260
[JUMBO BAG PINK POLKADOT], 109980
[JUMBO STORAGE BAG SUKI], 109080
[PAPER BUNTING RETROSPOT], 90900
[POSTAGE], 90000
[ROSES REGENCY TEACUP AND SAUCER], 108180
