[JUMBO  BAG BAROQUE BLACK WHITE], 89820
[NATURAL SLATE HEART CHALKBOARD], 121860
[JUMBO SHOPPER VINTAGE RED PAISLEY], 107460
[LUNCH BAG  BLACK SKULL.], 101520
[WHITE HANGING HEART T-LIGHT HOLDER], 224040
[JAM MAKING SET PRINTED], 107280
[LUNCH BAG CARS BLUE], 94500
[REGENCY CAKESTAND 3 TIER], 212220
[JAM MAKING SET WITH JARS], 120780
[LUNCH BAG WOODLAND], 87300
[PLEASE ONE PERSON METAL SIGN], 91440
[JUMBO BAG RED RETROSPOT], 180900
[PACK OF 60 PINK PAISLEY CAKE CASES], 86940
[HEART OF WICKER SMALL], 114120
[VICTORIAN GLASS HANGING T-LIGHT], 106920
[ALARM CLOCK BAKELIKE RED], 86220
[POPCORN HOLDER], 112860
[RECIPE BOX PANTRY YELLOW DESIGN], 106380
[LUNCH BAG SPACEBOY DESIGN], 91440
[PARTY BUNTING], 171900
[GREEN REGENCY TEACUP AND SAUCER], 106200
[LUNCH BAG RED RETROSPOT], 142020
[LUNCH BAG PINK POLKADOT], 91440
[STRAWBERRY CERAMIC TRINKET BOX], 86040
[LUNCH BAG SUKI DESIGN], 111780
[SET OF 4 PANTRY JELLY MOULDS], 91260
[PACK OF 72 RETROSPOT CAKE CASES], 131760
[JUMBO BAG PINK POLKADOT], 109980
[WOODEN PICTURE FRAME WHITE FINISH], 105480
[JUMBO STORAGE BAG SUKI], 109080
[SET/20 RED RETROSPOT PAPER NAPKINS], 103140
[PAPER BUNTING RETROSPOT], 90900
[ASSORTED COLOUR BIRD ORNAMENT], 124920
[SET OF 6 SPICE TINS PANTRY DESIGN], 102960
[POSTAGE], 90000
[SET OF 3 CAKE TINS PANTRY DESIGN], 122400
[ROSES REGENCY TEACUP AND SAUCER], 108180
